{
    "tut3-model.pt": {
        "Test Loss": 3.2075631618499756,
        "Test PPL": 24.718777113568002,
        "Test BLEU": 0.3058129981503249,
        "Train Epoch Losses": [
            5.021906863225189,
            4.153821937838315,
            3.5077538889410214,
            2.9230848041399984,
            2.515747856988781,
            2.2119460079638444,
            1.9693973584322153,
            1.7552430456430377,
            1.5841598594766357,
            1.473985914616858,
            1.3401610289376213,
            1.2465284750325039,
            1.154970495186188,
            1.064232160866523,
            1.0169456916233517,
            0.9431006162702249,
            0.8754375051821907,
            0.8324631565467902,
            0.7710857483258856,
            0.7094781348883843
        ],
        "Validation Epoch Losses": [
            4.965453147888184,
            4.722182095050812,
            3.8161593973636627,
            3.4269102215766907,
            3.3031060993671417,
            3.2405089139938354,
            3.183495432138443,
            3.212981164455414,
            3.2763104140758514,
            3.331608146429062,
            3.4267314076423645,
            3.433718502521515,
            3.4971056282520294,
            3.55107045173645,
            3.6385738849639893,
            3.726371109485626,
            3.7793861627578735,
            3.803477019071579,
            3.901219993829727,
            3.9881300926208496
        ]
    },
    "relu-model.pt": {
        "Test Loss": 3.1755233108997345,
        "Test PPL": 23.939344310811034,
        "Test BLEU": 0.31453861721707593,
        "Train Epoch Losses": [
            4.99430744238362,
            4.241134528021456,
            3.610659886036675,
            2.9981400042378428,
            2.58064058383656,
            2.282732396924023,
            2.052525662640643,
            1.8392509925733054,
            1.670348039807727,
            1.5575554402389191,
            1.4308204719148543,
            1.330331180326739,
            1.242287896278146,
            1.1561262242594479,
            1.113358233993799,
            1.0310152201925606,
            0.9579151314785828,
            0.9141617829579088,
            0.8533409169591996,
            0.7857145302096128
        ],
        "Validation Epoch Losses": [
            4.928230047225952,
            4.598977446556091,
            3.87186598777771,
            3.512306183576584,
            3.3632975816726685,
            3.3427692353725433,
            3.2111240923404694,
            3.2214046716690063,
            3.273698478937149,
            3.3157786428928375,
            3.356323540210724,
            3.4542245268821716,
            3.438086062669754,
            3.4939616918563843,
            3.5411185920238495,
            3.5821805894374847,
            3.654545873403549,
            3.7219574451446533,
            3.840595841407776,
            3.8979408740997314
        ]
    },
    "lstm-model.pt": {
        "Test Loss": 3.157099485397339,
        "Test PPL": 23.50232812512488,
        "Test BLEU": 0.30229315002181534,
        "Train Epoch Losses": [
            4.942120369310421,
            4.162409124920547,
            3.6041920395149534,
            3.029353055659895,
            2.6112138195710037,
            2.3177193009380725,
            2.068839903444971,
            1.8459432944327199,
            1.653492152428312,
            1.5172348815439032,
            1.3744868796302359,
            1.2614385748224637,
            1.1545772003707382,
            1.055596564047137,
            0.9882124567872103,
            0.9063201375994914,
            0.8267156111511365,
            0.7709379663551431,
            0.6986816890439272,
            0.6277625833839047
        ],
        "Validation Epoch Losses": [
            4.832909524440765,
            4.350798815488815,
            3.8405321836471558,
            3.4677804708480835,
            3.3275618255138397,
            3.2381486296653748,
            3.1917668879032135,
            3.2306692004203796,
            3.239195019006729,
            3.2925299406051636,
            3.356160521507263,
            3.409732401371002,
            3.436293512582779,
            3.510132074356079,
            3.5577412843704224,
            3.6392091512680054,
            3.742298424243927,
            3.798231691122055,
            3.915788561105728,
            3.93748939037323
        ]
    }
}