{
    "tut3-model.pt": {
        "Test Loss": 3.2075631618499756,
        "Test PPL": 24.718777113568002,
        "Test BLEU": 0.3058129981503249
    },
    "relu-model.pt": {
        "Test Loss": 3.1755233108997345,
        "Test PPL": 23.939344310811034,
        "Test BLEU": 0.31453861721707593
    },
    "lstm-model.pt": {
        "Test Loss": 3.453299731016159,
        "Test PPL": 31.6045068107275,
        "Test BLEU": 0.27204915375054317
    }
}