{
    "tut3-model.pt": {
        "Test Loss": 3.2075631618499756,
        "Test PPL": 24.718777113568002,
        "Test BLEU": 0.3058129981503249,
        "Train Epoch Losses": [
            5.021906863225189,
            4.153821937838315,
            3.5077538889410214,
            2.9230848041399984,
            2.515747856988781,
            2.2119460079638444,
            1.9693973584322153,
            1.7552430456430377,
            1.5841598594766357,
            1.473985914616858,
            1.3401610289376213,
            1.2465284750325039,
            1.154970495186188,
            1.064232160866523,
            1.0169456916233517,
            0.9431006162702249,
            0.8754375051821907,
            0.8324631565467902,
            0.7710857483258856,
            0.7094781348883843
        ],
        "Validation Epoch Losses": [
            4.965453147888184,
            4.722182095050812,
            3.8161593973636627,
            3.4269102215766907,
            3.3031060993671417,
            3.2405089139938354,
            3.183495432138443,
            3.212981164455414,
            3.2763104140758514,
            3.331608146429062,
            3.4267314076423645,
            3.433718502521515,
            3.4971056282520294,
            3.55107045173645,
            3.6385738849639893,
            3.726371109485626,
            3.7793861627578735,
            3.803477019071579,
            3.901219993829727,
            3.9881300926208496
        ]
    },
    "relu-model.pt": {
        "Test Loss": 3.1755233108997345,
        "Test PPL": 23.939344310811034,
        "Test BLEU": 0.31453861721707593,
        "Train Epoch Losses": [
            4.99430744238362,
            4.241134528021456,
            3.610659886036675,
            2.9981400042378428,
            2.58064058383656,
            2.282732396924023,
            2.052525662640643,
            1.8392509925733054,
            1.670348039807727,
            1.5575554402389191,
            1.4308204719148543,
            1.330331180326739,
            1.242287896278146,
            1.1561262242594479,
            1.113358233993799,
            1.0310152201925606,
            0.9579151314785828,
            0.9141617829579088,
            0.8533409169591996,
            0.7857145302096128
        ],
        "Validation Epoch Losses": [
            4.928230047225952,
            4.598977446556091,
            3.87186598777771,
            3.512306183576584,
            3.3632975816726685,
            3.3427692353725433,
            3.2111240923404694,
            3.2214046716690063,
            3.273698478937149,
            3.3157786428928375,
            3.356323540210724,
            3.4542245268821716,
            3.438086062669754,
            3.4939616918563843,
            3.5411185920238495,
            3.5821805894374847,
            3.654545873403549,
            3.7219574451446533,
            3.840595841407776,
            3.8979408740997314
        ]
    },
    "lstm-model.pt": {
        "Test Loss": 3.1881499886512756,
        "Test PPL": 24.243535115144073,
        "Test BLEU": 0.3023156408561825,
        "Train Epoch Losses": [
            4.971348932661149,
            4.187560834548547,
            3.6487604721002116,
            3.116601122633476,
            2.6922481879263724,
            2.3749832718382846,
            2.101543124551815,
            1.8448808917915243,
            1.6371822357177734,
            1.492821463929399,
            1.3329941979588915,
            1.2217643074527187,
            1.116661246652645,
            1.0073685900755391,
            0.9516999104474609,
            0.8619357969792404,
            0.7839728761874631,
            0.7269043456352755,
            0.6542910614465302,
            0.589514474905535
        ],
        "Validation Epoch Losses": [
            4.999670147895813,
            4.641195893287659,
            3.9076157808303833,
            3.53058397769928,
            3.3550245463848114,
            3.2566811740398407,
            3.1743035912513733,
            3.1864958107471466,
            3.268424242734909,
            3.3117773234844208,
            3.3793059289455414,
            3.4636868834495544,
            3.4567581713199615,
            3.5551395416259766,
            3.6317913234233856,
            3.6771632730960846,
            3.7766292095184326,
            3.8591404259204865,
            3.915684551000595,
            4.017084360122681
        ]
    }
}