{
    "tut3-model.pt": {
        "Test Loss": 3.2075631618499756,
        "Test PPL": 24.718777113568002,
        "Test BLEU": 0.3058129981503249,
        "Train Epoch Losses": [
            5.021906863225189,
            4.153821937838315,
            3.5077538889410214,
            2.9230848041399984,
            2.515747856988781,
            2.2119460079638444,
            1.9693973584322153,
            1.7552430456430377,
            1.5841598594766357,
            1.473985914616858,
            1.3401610289376213,
            1.2465284750325039,
            1.154970495186188,
            1.064232160866523,
            1.0169456916233517,
            0.9431006162702249,
            0.8754375051821907,
            0.8324631565467902,
            0.7710857483258856,
            0.7094781348883843
        ],
        "Validation Epoch Losses": [
            4.965453147888184,
            4.722182095050812,
            3.8161593973636627,
            3.4269102215766907,
            3.3031060993671417,
            3.2405089139938354,
            3.183495432138443,
            3.212981164455414,
            3.2763104140758514,
            3.331608146429062,
            3.4267314076423645,
            3.433718502521515,
            3.4971056282520294,
            3.55107045173645,
            3.6385738849639893,
            3.726371109485626,
            3.7793861627578735,
            3.803477019071579,
            3.901219993829727,
            3.9881300926208496
        ]
    },
    "relu-model.pt": {
        "Test Loss": 3.1949440240859985,
        "Test PPL": 24.408807348753278,
        "Test BLEU": 0.3159141444442098,
        "Train Epoch Losses": [
            4.958439074949021,
            3.9869406086757846,
            3.2998501298711163,
            2.8235611779049106,
            2.4982978846008033,
            2.2087635647357824,
            1.9833603803281743,
            1.7878315627312344,
            1.6470499863183445,
            1.5154303847955712
        ],
        "Validation Epoch Losses": [
            4.639709949493408,
            4.075368285179138,
            3.6182220578193665,
            3.3777786195278168,
            3.2438730895519257,
            3.2548330426216125,
            3.2611775994300842,
            3.1954281628131866,
            3.2883224487304688,
            3.2826836705207825
        ]
    },
    "lstm-model.pt": {
        "Test Loss": 3.1881499886512756,
        "Test PPL": 24.243535115144073,
        "Test BLEU": 0.3023156408561825,
        "Train Epoch Losses": [
            4.971348932661149,
            4.187560834548547,
            3.6487604721002116,
            3.116601122633476,
            2.6922481879263724,
            2.3749832718382846,
            2.101543124551815,
            1.8448808917915243,
            1.6371822357177734,
            1.492821463929399,
            1.3329941979588915,
            1.2217643074527187,
            1.116661246652645,
            1.0073685900755391,
            0.9516999104474609,
            0.8619357969792404,
            0.7839728761874631,
            0.7269043456352755,
            0.6542910614465302,
            0.589514474905535
        ],
        "Validation Epoch Losses": [
            4.999670147895813,
            4.641195893287659,
            3.9076157808303833,
            3.53058397769928,
            3.3550245463848114,
            3.2566811740398407,
            3.1743035912513733,
            3.1864958107471466,
            3.268424242734909,
            3.3117773234844208,
            3.3793059289455414,
            3.4636868834495544,
            3.4567581713199615,
            3.5551395416259766,
            3.6317913234233856,
            3.6771632730960846,
            3.7766292095184326,
            3.8591404259204865,
            3.915684551000595,
            4.017084360122681
        ]
    },
    "rrelu-model.pt": {
        "Test Loss": 3.1678666472434998,
        "Test PPL": 23.756748731786193,
        "Test BLEU": 0.30165348017354027,
        "Train Epoch Losses": [
            4.940515740852524,
            4.002231699779696,
            3.359785889738982,
            2.8791727179472666,
            2.5245686690712814,
            2.258535870371411,
            2.0388412848443185,
            1.837333956478976,
            1.6699790376923682,
            1.5598781933343357,
            1.4317960040684838,
            1.3310044305440087,
            1.2352582281906699,
            1.1462698444921016,
            1.0973519302149701,
            1.006448886993173,
            0.9357763631228309,
            0.8971459419191672,
            0.8302830462938888,
            0.7586777018555461
        ],
        "Validation Epoch Losses": [
            4.642955839633942,
            4.175512224435806,
            3.715594172477722,
            3.433201849460602,
            3.3171949982643127,
            3.2688748836517334,
            3.1760266423225403,
            3.258142113685608,
            3.2526046335697174,
            3.3155502676963806,
            3.3490137457847595,
            3.428144097328186,
            3.445339620113373,
            3.5531697273254395,
            3.6331149637699127,
            3.6306980550289154,
            3.6803234219551086,
            3.793312281370163,
            3.868142694234848,
            3.956933319568634
        ]
    },
    "gelu-model.pt": {
        "Test Loss": 3.215259611606598,
        "Test PPL": 24.909757934078954,
        "Test BLEU": 0.3110568358486545,
        "Train Epoch Losses": [
            4.912034599791539,
            3.9385943045175025,
            3.301382323193655,
            2.840190365451023,
            2.497681461241802,
            2.2413075584672097,
            2.0248920754714157,
            1.8187615288511771,
            1.6519686944684269,
            1.5390096787314058,
            1.405062027439672,
            1.3081656505357853,
            1.2111841001699675,
            1.1190352277083544,
            1.0719473971144218,
            0.9904518198336799,
            0.9142190827147025,
            0.8647517630182174,
            0.8023270213656488,
            0.7368875529272441
        ],
        "Validation Epoch Losses": [
            4.612510800361633,
            4.086814433336258,
            3.609230875968933,
            3.4081510305404663,
            3.317708283662796,
            3.2724593579769135,
            3.2250933945178986,
            3.2367707192897797,
            3.2665633261203766,
            3.30430868268013,
            3.4043790996074677,
            3.4482184052467346,
            3.4688556790351868,
            3.561270922422409,
            3.5542105734348297,
            3.6892178654670715,
            3.7467153072357178,
            3.8132368326187134,
            3.887397587299347,
            3.994044601917267
        ]
    },
    "leaky_relu-model.pt": {
        "Test Loss": 3.1891256272792816,
        "Test PPL": 24.26719958659093,
        "Test BLEU": 0.3094939969844889,
        "Train Epoch Losses": [
            5.011027598696133,
            4.278657356547889,
            3.82675046752728,
            3.235521134826055,
            2.7018479397643507,
            2.3534687736486024,
            2.0905091200631096,
            1.8602480058628033,
            1.6766650571697084,
            1.5606803006537686,
            1.4207844366586155,
            1.326095120497212,
            1.2249818312964251,
            1.1390420101287606,
            1.0977121061165427,
            1.01470440179766,
            0.9449393355373769,
            0.8918326179361553,
            0.8323343887203065,
            0.7672958326759842
        ],