{
    "tut3-model.pt": {
        "Test Loss": 3.2075631618499756,
        "Test PPL": 24.718777113568002,
        "Test BLEU": 0.3058129981503249
    },
    "relu-model.pt": {
        "Test Loss": 3.1858740746974945,
        "Test PPL": 24.18842165582174,
        "Test BLEU": 0.31303215326292677
    }
}